epoch,avg_train_loss,avg_val_loss
1,1014.7455093251656,1.8053996739957916
2,1002.0190519571672,1.7985367569818327
3,1599.3761964828263,1.7982723198807626
